Month,CO2_Emitted
1,3.0
2,2.25
3,2.8000000000000003
4,2.7
5,3.0
6,3.0500000000000003
7,1.7000000000000002
8,1.4500000000000002
9,1.3
10,1.4000000000000001
11,1.35
12,1.0
