Month,CO2_Emitted
April,2.7
August,1.4500000000000002
December,1.0
February,2.25
January,3.0
July,1.7000000000000002
June,3.0500000000000003
March,2.8000000000000003
May,3.0
November,1.35
October,1.4000000000000001
September,1.3
